{
  "type": "FeatureCollection",
  "features": [
    {
      "type": "Feature",
      "properties": {
        "name": "Quang Thành 9",
        "boundary_info": "P. Đông giáp: K01 Ngô Sĩ Liên (p Hoà Khánh)\nP. Tây giáp: đường Tôn Đức Thắng\nP. Nam giáp: đường Ngô Thì Nhậm\nP. Bắc giáp: đường Ngô Sĩ Liên",
        "households": 609,
        "population": 2430,
        "police_name": "Nguyễn Viết Tùng",
        "police_phone": "0905.269.868"
      },
      "geometry": {
        "type": "Polygon",
        "coordinates": [
          [
            [
              108.150928,
              16.073277,
              0
            ],
            [
              108.151119,
              16.073356,
              0
            ],
            [
              108.151357,
              16.073437,
              0
            ],
            [
              108.151889,
              16.073643,
              0
            ],
            [
              108.152117,
              16.073748,
              0
            ],
            [
              108.152531,
              16.073887,
              0
            ],
            [
              108.152916,
              16.074038,
              0
            ],
            [
              108.153109,
              16.074115,
              0
            ],
            [
              108.152458,
              16.073861,
              0
            ],
            [
              108.153024,
              16.074088,
              0
            ],
            [
              108.153527,
              16.074301,
              0
            ],
            [
              108.153662,
              16.07433,
              0
            ],
            [
              108.153987,
              16.074449,
              0
            ],
            [
              108.154215,
              16.074528,
              0
            ],
            [
              108.154255,
              16.074539,
              0
            ],
            [
              108.154321,
              16.074574,
              0
            ],
            [
              108.154409,
              16.074595,
              0
            ],
            [
              108.15456,
              16.074637,
              0
            ],
            [
              108.154698,
              16.074696,
              0
            ],
            [
              108.154711,
              16.0747,
              0
            ],
            [
              108.154735,
              16.074707,
              0
            ],
            [
              108.154765,
              16.074716,
              0
            ],
            [
              108.154924,
              16.074771,
              0
            ],
            [
              108.154919,
              16.074768,
              0
            ],
            [
              108.154911,
              16.074766,
              0
            ],
            [
              108.154907,
              16.074764,
              0
            ],
            [
              108.154902,
              16.074761,
              0
            ],
            [
              108.154892,
              16.074756,
              0
            ],
            [
              108.15489,
              16.074755,
              0
            ],
            [
              108.154875,
              16.074751,
              0
            ],
            [
              108.15487,
              16.074749,
              0
            ],
            [
              108.154863,
              16.074747,
              0
            ],
            [
              108.154856,
              16.074744,
              0
            ],
            [
              108.154852,
              16.074743,
              0
            ],
            [
              108.154846,
              16.074742,
              0
            ],
            [
              108.154838,
              16.074741,
              0
            ],
            [
              108.154832,
              16.074741,
              0
            ],
            [
              108.154829,
              16.074741,
              0
            ],
            [
              108.154821,
              16.074738,
              0
            ],
            [
              108.154815,
              16.074738,
              0
            ],
            [
              108.154809,
              16.074736,
              0
            ],
            [
              108.154805,
              16.074735,
              0
            ],
            [
              108.1548,
              16.074733,
              0
            ],
            [
              108.154798,
              16.074729,
              0
            ],
            [
              108.154795,
              16.074726,
              0
            ],
            [
              108.154792,
              16.074723,
              0
            ],
            [
              108.154789,
              16.074721,
              0
            ],
            [
              108.154933,
              16.074772,
              0
            ],
            [
              108.154936,
              16.074772,
              0
            ],
            [
              108.154991,
              16.074794,
              0
            ],
            [
              108.154871,
              16.074743,
              0
            ],
            [
              108.154908,
              16.074755,
              0
            ],
            [
              108.154908,
              16.074755,
              0
            ],
            [
              108.154988,
              16.074799,
              0
            ],
            [
              108.155037,
              16.074592,
              0
            ],
            [
              108.155056,
              16.074476,
              0
            ],
            [
              108.155108,
              16.074024,
              0
            ],
            [
              108.155231,
              16.073634,
              0
            ],
            [
              108.155379,
              16.072984,
              0
            ],
            [
              108.155555,
              16.072185,
              0
            ],
            [
              108.155672,
              16.071675,
              0
            ],
            [
              108.155732,
              16.071337,
              0
            ],
            [
              108.154481,
              16.070783,
              0
            ],
            [
              108.153451,
              16.070264,
              0
            ],
            [
              108.151501,
              16.069269,
              0
            ],
            [
              108.150017,
              16.072963,
              0
            ],
            [
              108.150116,
              16.072995,
              0
            ],
            [
              108.150474,
              16.073117,
              0
            ],
            [
              108.150613,
              16.073168,
              0
            ],
            [
              108.150802,
              16.073234,
              0
            ],
            [
              108.150928,
              16.073277,
              0
            ]
          ]
        ]
      }
    },
    {
      "type": "Feature",
      "properties": {
        "name": "Quang Thành 8",
        "boundary_info": "P. Đông giáp: K01 Ngô Sĩ Liên (p Hoà Khánh)\nP. Tây giáp: đường Tôn Đức Thắng\nP. Nam giáp: đường Ngô Sĩ Liên\nP. Bắc giáp: K144/H78 Nguyễn Lương Bằng",
        "households": 457,
        "population": 1500,
        "police_name": "Nguyễn Viết Tùng",
        "police_phone": "0905.269.868"
      },
      "geometry": {
        "type": "Polygon",
        "coordinates": [
          [
            [
              108.154904,
              16.074856,
              0
            ],
            [
              108.154857,
              16.07512,
              0
            ],
            [
              108.154647,
              16.075802,
              0
            ],
            [
              108.154228,
              16.076759,
              0
            ],
            [
              108.153474,
              16.078072,
              0
            ],
            [
              108.152635,
              16.079536,
              0
            ],
            [
              108.152042,
              16.080514,
              0
            ],
            [
              108.151997,
              16.080553,
              0
            ],
            [
              108.151567,
              16.080326,
              0
            ],
            [
              108.151221,
              16.080524,
              0
            ],
            [
              108.150899,
              16.080067,
              0
            ],
            [
              108.150805,
              16.079817,
              0
            ],
            [
              108.150948,
              16.079005,
              0
            ],
            [
              108.150947,
              16.078949,
              0
            ],
            [
              108.150735,
              16.078887,
              0
            ],
            [
              108.150624,
              16.078374,
              0
            ],
            [
              108.150535,
              16.078052,
              0
            ],
            [
              108.150434,
              16.077743,
              0
            ],
            [
              108.150219,
              16.077502,
              0
            ],
            [
              108.149875,
              16.077246,
              0
            ],
            [
              108.149607,
              16.077007,
              0
            ],
            [
              108.1496,
              16.076985,
              0
            ],
            [
              108.149591,
              16.076925,
              0
            ],
            [
              108.14941,
              16.077002,
              0
            ],
            [
              108.1493,
              16.077042,
              0
            ],
            [
              108.148985,
              16.076984,
              0
            ],
            [
              108.148927,
              16.077162,
              0
            ],
            [
              108.148875,
              16.07729,
              0
            ],
            [
              108.148834,
              16.077393,
              0
            ],
            [
              108.148748,
              16.077538,
              0
            ],
            [
              108.148256,
              16.077334,
              0
            ],
            [
              108.149015,
              16.075442,
              0
            ],
            [
              108.149967,
              16.072994,
              0
            ],
            [
              108.149985,
              16.072966,
              0
            ],
            [
              108.151306,
              16.073446,
              0
            ],
            [
              108.154904,
              16.074856,
              0
            ]
          ]
        ]
      }
    },
    {
      "type": "Feature",
      "properties": {
        "name": "Quang Thành 7",
        "boundary_info": "P. Đông giáp: đường ray (p Hoà Khánh)\nP. Tây giáp: đường Nguyễn Lương Bằng\nP. Nam giáp: K144/H78 Nguyễn Lương Bằng\nP. Bắc giáp: đường Hoàng Thị Loan nối dài (Trục I Tây Bắc)",
        "households": 463,
        "population": 1530,
        "police_name": "Nguyễn Viết Tùng",
        "police_phone": "0905.269.868"
      },
      "geometry": {
        "type": "Polygon",
        "coordinates": [
          [
            [
              108.150224,
              16.077532,
              0
            ],
            [
              108.150369,
              16.077702,
              0
            ],
            [
              108.150443,
              16.077795,
              0
            ],
            [
              108.150516,
              16.078041,
              0
            ],
            [
              108.150575,
              16.078221,
              0
            ],
            [
              108.150622,
              16.078403,
              0
            ],
            [
              108.150661,
              16.078557,
              0
            ],
            [
              108.150726,
              16.078902,
              0
            ],
            [
              108.150921,
              16.078969,
              0
            ],
            [
              108.150768,
              16.079806,
              0
            ],
            [
              108.150875,
              16.080057,
              0
            ],
            [
              108.151203,
              16.080552,
              0
            ],
            [
              108.151608,
              16.080383,
              0
            ],
            [
              108.151966,
              16.080581,
              0
            ],
            [
              108.151923,
              16.080686,
              0
            ],
            [
              108.151525,
              16.081448,
              0
            ],
            [
              108.151079,
              16.081371,
              0
            ],
            [
              108.150038,
              16.081418,
              0
            ],
            [
              108.149662,
              16.080879,
              0
            ],
            [
              108.145724,
              16.083692,
              0
            ],
            [
              108.145623,
              16.083562,
              0
            ],
            [
              108.146074,
              16.082485,
              0
            ],
            [
              108.146754,
              16.080894,
              0
            ],
            [
              108.147236,
              16.079709,
              0
            ],
            [
              108.147726,
              16.078515,
              0
            ],
            [
              108.148204,
              16.077356,
              0
            ],
            [
              108.148491,
              16.077466,
              0
            ],
            [
              108.148685,
              16.077554,
              0
            ],
            [
              108.148771,
              16.077579,
              0
            ],
            [
              108.14899,
              16.077008,
              0
            ],
            [
              108.149026,
              16.077038,
              0
            ],
            [
              108.149165,
              16.077057,
              0
            ],
            [
              108.149382,
              16.07704,
              0
            ],
            [
              108.149545,
              16.076959,
              0
            ],
            [
              108.149809,
              16.077225,
              0
            ],
            [
              108.15012,
              16.077442,
              0
            ],
            [
              108.150224,
              16.077532,
              0
            ]
          ]
        ]
      }
    },
    {
      "type": "Feature",
      "properties": {
        "name": "Tổ dân phố Quang Thành 6",
        "boundary_info": "P. Đông giáp: Biển\nP. Tây giáp: đường Trục I Tây Bắc\nP. Nam giáp: đường Nguyễn Chánh\nP. Bắc giáp: đường Nguyễn An Ninh",
        "households": 751,
        "population": 3127,
        "police_name": "Đoàn Dương Sơn Nghĩa",
        "police_phone": "0905.688.600"
      },
      "geometry": {
        "type": "Polygon",
        "coordinates": [
          [
            [
              108.152262,
              16.091228,
              0
            ],
            [
              108.149799,
              16.088245,
              0
            ],
            [
              108.145787,
              16.083728,
              0
            ],
            [
              108.146071,
              16.083515,
              0
            ],
            [
              108.147771,
              16.082324,
              0
            ],
            [
              108.149653,
              16.080936,
              0
            ],
            [
              108.150049,
              16.081437,
              0
            ],
            [
              108.151117,
              16.081407,
              0
            ],
            [
              108.151482,
              16.081476,
              0
            ],
            [
              108.1509,
              16.082522,
              0
            ],
            [
              108.150155,
              16.083789,
              0
            ],
            [
              108.155105,
              16.089105,
              0
            ],
            [
              108.152262,
              16.091228,
              0
            ]
          ]
        ]
      }
    },
    {
      "type": "Feature",
      "properties": {
        "name": "Tổ dân phố Quang Thành 5",
        "boundary_info": "P. Đông giáp: Biển\nP. Tây giáp: đường Nguyễn Lương Bằng\nP. Nam giáp: đường Nguyễn An Ninh\nP. Bắc giáp: Phường  Hải Vân",
        "households": 608,
        "population": 2753,
        "police_name": "Đoàn Dương Sơn Nghĩa",
        "police_phone": "0905.688.600"
      },
      "geometry": {
        "type": "Polygon",
        "coordinates": [
          [
            [
              108.147408,
              16.095033,
              0
            ],
            [
              108.143983,
              16.091204,
              0
            ],
            [
              108.145334,
              16.090005,
              0
            ],
            [
              108.143997,
              16.089047,
              0
            ],
            [
              108.143815,
              16.088959,
              0
            ],
            [
              108.143598,
              16.088861,
              0
            ],
            [
              108.143538,
              16.088837,
              0
            ],
            [
              108.145618,
              16.083576,
              0
            ],
            [
              108.151337,
              16.090232,
              0
            ],
            [
              108.152195,
              16.0913,
              0
            ],
            [
              108.147408,
              16.095033,
              0
            ]
          ]
        ]
      }
    },
    {
      "type": "Feature",
      "properties": {
        "name": "Quang Thành 4",
        "boundary_info": "P. Đông giáp: đường Nguyễn Lương Bằng\nP. Tây giáp: đường số 3 KCN\nP. Nam giáp: đường số  2 KCN\nP. Bắc giáp: Phường Hải Vân",
        "households": 639,
        "population": 2623,
        "police_name": "Nguyễn Đức Tuấn",
        "police_phone": "0935.267.277"
      },
      "geometry": {
        "type": "Polygon",
        "coordinates": [
          [
            [
              108.145477,
              16.083803,
              0
            ],
            [
              108.143487,
              16.088687,
              0
            ],
            [
              108.14261,
              16.088368,
              0
            ],
            [
              108.142481,
              16.088564,
              0
            ],
            [
              108.141447,
              16.088208,
              0
            ],
            [
              108.141604,
              16.087798,
              0
            ],
            [
              108.141653,
              16.087559,
              0
            ],
            [
              108.141648,
              16.087456,
              0
            ],
            [
              108.141606,
              16.087416,
              0
            ],
            [
              108.14177,
              16.087305,
              0
            ],
            [
              108.141819,
              16.087269,
              0
            ],
            [
              108.141505,
              16.086965,
              0
            ],
            [
              108.141396,
              16.086788,
              0
            ],
            [
              108.141441,
              16.086682,
              0
            ],
            [
              108.141106,
              16.086415,
              0
            ],
            [
              108.141063,
              16.086354,
              0
            ],
            [
              108.141181,
              16.08618,
              0
            ],
            [
              108.14086,
              16.086071,
              0
            ],
            [
              108.140284,
              16.086396,
              0
            ],
            [
              108.139933,
              16.086315,
              0
            ],
            [
              108.139437,
              16.086604,
              0
            ],
            [
              108.138867,
              16.086997,
              0
            ],
            [
              108.138502,
              16.087585,
              0
            ],
            [
              108.138226,
              16.087722,
              0
            ],
            [
              108.13787,
              16.088208,
              0
            ],
            [
              108.134062,
              16.085387,
              0
            ],
            [
              108.133398,
              16.085723,
              0
            ],
            [
              108.131958,
              16.083964,
              0
            ],
            [
              108.139825,
              16.077275,
              0
            ],
            [
              108.143264,
              16.081143,
              0
            ],
            [
              108.143957,
              16.081994,
              0
            ],
            [
              108.145456,
              16.083646,
              0
            ],
            [
              108.145511,
              16.083696,
              0
            ],
            [
              108.145477,
              16.083803,
              0
            ]
          ]
        ]
      }
    },
    {
      "type": "Feature",
      "properties": {
        "name": "Tổ dân phố Đa Phước 1",
        "boundary_info": "P. Đông giáp: đường số 4 KCN - đường Âu Cơ\nP. Tây giáp: núi\nP. Nam giáp: K151 Âu Cơ \nP. Bắc giáp: K529 Âu Cơ (Ranh giới giữa Đa Phước và Thanh Vinh cũ trước đây)",
        "households": 537,
        "population": 2251,
        "police_name": "Nguyễn Quý",
        "police_phone": "0905.957.955"
      },
      "geometry": {
        "type": "Polygon",
        "coordinates": [
          [
            [
              108.132114,
              16.075974,
              0
            ],
            [
              108.131922,
              16.075727,
              0
            ],
            [
              108.131745,
              16.075499,
              0
            ],
            [
              108.131998,
              16.075256,
              0
            ],
            [
              108.13208,
              16.075164,
              0
            ],
            [
              108.13213,
              16.075048,
              0
            ],
            [
              108.132199,
              16.075042,
              0
            ],
            [
              108.132741,
              16.074636,
              0
            ],
            [
              108.132842,
              16.074577,
              0
            ],
            [
              108.132733,
              16.074058,
              0
            ],
            [
              108.13264,
              16.073651,
              0
            ],
            [
              108.132557,
              16.073215,
              0
            ],
            [
              108.132395,
              16.073137,
              0
            ],
            [
              108.131936,
              16.068782,
              0
            ],
            [
              108.131306,
              16.063239,
              0
            ],
            [
              108.132136,
              16.063695,
              0
            ],
            [
              108.132541,
              16.063858,
              0
            ],
            [
              108.13302,
              16.063867,
              0
            ],
            [
              108.133427,
              16.06414,
              0
            ],
            [
              108.133503,
              16.063809,
              0
            ],
            [
              108.133688,
              16.063649,
              0
            ],
            [
              108.134158,
              16.063539,
              0
            ],
            [
              108.134432,
              16.063632,
              0
            ],
            [
              108.13491,
              16.06361,
              0
            ],
            [
              108.135216,
              16.063545,
              0
            ],
            [
              108.13561,
              16.064132,
              0
            ],
            [
              108.135969,
              16.064404,
              0
            ],
            [
              108.136397,
              16.064398,
              0
            ],
            [
              108.137378,
              16.064288,
              0
            ],
            [
              108.138524,
              16.064451,
              0
            ],
            [
              108.139084,
              16.064421,
              0
            ],
            [
              108.139316,
              16.064984,
              0
            ],
            [
              108.139754,
              16.065904,
              0
            ],
            [
              108.140243,
              16.066843,
              0
            ],
            [
              108.140834,
              16.06797,
              0
            ],
            [
              108.141199,
              16.068452,
              0
            ],
            [
              108.141919,
              16.069127,
              0
            ],
            [
              108.142576,
              16.069498,
              0
            ],
            [
              108.14297,
              16.069856,
              0
            ],
            [
              108.143356,
              16.070276,
              0
            ],
            [
              108.143755,
              16.070711,
              0
            ],
            [
              108.142264,
              16.071581,
              0
            ],
            [
              108.141526,
              16.071821,
              0
            ],
            [
              108.141198,
              16.071958,
              0
            ],
            [
              108.1406,
              16.072163,
              0
            ],
            [
              108.139985,
              16.072477,
              0
            ],
            [
              108.139077,
              16.072919,
              0
            ],
            [
              108.138042,
              16.073397,
              0
            ],
            [
              108.137663,
              16.072796,
              0
            ],
            [
              108.13701,
              16.073099,
              0
            ],
            [
              108.136374,
              16.073399,
              0
            ],
            [
              108.135853,
              16.073636,
              0
            ],
            [
              108.135467,
              16.073824,
              0
            ],
            [
              108.134897,
              16.074201,
              0
            ],
            [
              108.13444,
              16.074564,
              0
            ],
            [
              108.133864,
              16.074999,
              0
            ],
            [
              108.133637,
              16.075167,
              0
            ],
            [
              108.133277,
              16.075415,
              0
            ],
            [
              108.132837,
              16.075715,
              0
            ],
            [
              108.132606,
              16.075873,
              0
            ],
            [
              108.132485,
              16.075911,
              0
            ],
            [
              108.132234,
              16.075963,
              0
            ],
            [
              108.132114,
              16.075974,
              0
            ]
          ]
        ]
      }
    },
    {
      "type": "Feature",
      "properties": {
        "name": "Tổ dân phố Đa Phước 4",
        "boundary_info": "P. Đông giáp: đường Đoàn Phú Tứ\nP. Tây giáp: núi\nP. Nam giáp: K128 Đoàn Phú Tứ (p. Hòa Khánh)\nP. Bắc giáp: K151 Âu Cơ",
        "households": 647,
        "population": 2887,
        "police_name": "Nguyễn Quý",
        "police_phone": "0905.957.955"
      },
      "geometry": {
        "type": "Polygon",
        "coordinates": [
          [
            [
              108.143136,
              16.069961,
              0
            ],
            [
              108.142808,
              16.069633,
              0
            ],
            [
              108.142371,
              16.069334,
              0
            ],
            [
              108.14156,
              16.068749,
              0
            ],
            [
              108.140744,
              16.067727,
              0
            ],
            [
              108.139109,
              16.064395,
              0
            ],
            [
              108.140007,
              16.064779,
              0
            ],
            [
              108.141497,
              16.064912,
              0
            ],
            [
              108.143208,
              16.065042,
              0
            ],
            [
              108.145171,
              16.065186,
              0
            ],
            [
              108.145855,
              16.066176,
              0
            ],
            [
              108.146068,
              16.066568,
              0
            ],
            [
              108.146045,
              16.06653,
              0
            ],
            [
              108.146095,
              16.06662,
              0
            ],
            [
              108.14611,
              16.066643,
              0
            ],
            [
              108.146113,
              16.066644,
              0
            ],
            [
              108.146378,
              16.066533,
              0
            ],
            [
              108.146584,
              16.067039,
              0
            ],
            [
              108.146961,
              16.067968,
              0
            ],
            [
              108.146752,
              16.067523,
              0
            ],
            [
              108.146962,
              16.06797,
              0
            ],
            [
              108.146289,
              16.068469,
              0
            ],
            [
              108.143136,
              16.069961,
              0
            ]
          ]
        ]
      }
    },
    {
      "type": "Feature",
      "properties": {
        "name": "Tổ dân phố Thanh Vinh 1",
        "boundary_info": "P. Đông giáp: đường Thanh Vinh 11 - đường Lê Công Kiều - đường số 10B\nP. Tây giáp: núi\nP. Nam giáp: núi\nP. Bắc giáp: K1031 Âu Cơ - đường số 11- đường Mê Linh",
        "households": 491,
        "population": 1717,
        "police_name": "Nguyễn Viết Thành",
        "police_phone": "0905.244.113"
      },
      "geometry": {
        "type": "Polygon",
        "coordinates": [
          [
            [
              108.116025,
              16.080087,
              0
            ],
            [
              108.115783,
              16.079788,
              0
            ],
            [
              108.116964,
              16.077117,
              0
            ],
            [
              108.117427,
              16.077195,
              0
            ],
            [
              108.117448,
              16.076991,
              0
            ],
            [
              108.117503,
              16.076847,
              0
            ],
            [
              108.117559,
              16.076787,
              0
            ],
            [
              108.117683,
              16.076688,
              0
            ],
            [
              108.117738,
              16.076622,
              0
            ],
            [
              108.117764,
              16.076527,
              0
            ],
            [
              108.117745,
              16.076456,
              0
            ],
            [
              108.117748,
              16.076384,
              0
            ],
            [
              108.117546,
              16.076363,
              0
            ],
            [
              108.117563,
              16.076158,
              0
            ],
            [
              108.117568,
              16.076059,
              0
            ],
            [
              108.117589,
              16.075909,
              0
            ],
            [
              108.117662,
              16.075718,
              0
            ],
            [
              108.117691,
              16.075047,
              0
            ],
            [
              108.11716,
              16.075012,
              0
            ],
            [
              108.117094,
              16.07435,
              0
            ],
            [
              108.116652,
              16.07442,
              0
            ],
            [
              108.116578,
              16.073837,
              0
            ],
            [
              108.117058,
              16.073784,
              0
            ],
            [
              108.117279,
              16.073409,
              0
            ],
            [
              108.117342,
              16.072698,
              0
            ],
            [
              108.117448,
              16.072134,
              0
            ],
            [
              108.117601,
              16.071785,
              0
            ],
            [
              108.117612,
              16.071591,
              0
            ],
            [
              108.117526,
              16.07114,
              0
            ],
            [
              108.117362,
              16.069358,
              0
            ],
            [
              108.117626,
              16.067824,
              0
            ],
            [
              108.118307,
              16.067922,
              0
            ],
            [
              108.11878,
              16.067909,
              0
            ],
            [
              108.118955,
              16.067985,
              0
            ],
            [
              108.119288,
              16.067877,
              0
            ],
            [
              108.119583,
              16.067988,
              0
            ],
            [
              108.119984,
              16.067955,
              0
            ],
            [
              108.120223,
              16.067767,
              0
            ],
            [
              108.120662,
              16.067915,
              0
            ],
            [
              108.121156,
              16.067694,
              0
            ],
            [
              108.121614,
              16.067549,
              0
            ],
            [
              108.121872,
              16.067458,
              0
            ],
            [
              108.122066,
              16.067421,
              0
            ],
            [
              108.122362,
              16.067385,
              0
            ],
            [
              108.122952,
              16.067223,
              0
            ],
            [
              108.123359,
              16.067262,
              0
            ],
            [
              108.123685,
              16.067336,
              0
            ],
            [
              108.124082,
              16.06745,
              0
            ],
            [
              108.125151,
              16.072106,
              0
            ],
            [
              108.12471,
              16.073353,
              0
            ],
            [
              108.125478,
              16.074669,
              0
            ],
            [
              108.124606,
              16.074809,
              0
            ],
            [
              108.123858,
              16.074929,
              0
            ],
            [
              108.123508,
              16.074794,
              0
            ],
            [
              108.121983,
              16.074834,
              0
            ],
            [
              108.122081,
              16.075676,
              0
            ],
            [
              108.122354,
              16.076681,
              0
            ],
            [
              108.122367,
              16.076904,
              0
            ],
            [
              108.121963,
              16.077372,
              0
            ],
            [
              108.121633,
              16.078056,
              0
            ],
            [
              108.121368,
              16.078102,
              0
            ],
            [
              108.121166,
              16.078689,
              0
            ],
            [
              108.121149,
              16.078809,
              0
            ],
            [
              108.121068,
              16.079087,
              0
            ],
            [
              108.121025,
              16.079252,
              0
            ],
            [
              108.120972,
              16.079336,
              0
            ],
            [
              108.12092,
              16.079564,
              0
            ],
            [
              108.1208,
              16.079823,
              0
            ],
            [
              108.120717,
              16.080077,
              0
            ],
            [
              108.120552,
              16.080346,
              0
            ],
            [
              108.120339,
              16.080589,
              0
            ],
            [
              108.120003,
              16.08085,
              0
            ],
            [
              108.119764,
              16.081039,
              0
            ],
            [
              108.119521,
              16.081256,
              0
            ],
            [
              108.119254,
              16.081465,
              0
            ],
            [
              108.118949,
              16.081731,
              0
            ],
            [
              108.118663,
              16.081949,
              0
            ],
            [
              108.118442,
              16.082149,
              0
            ],
            [
              108.11821,
              16.082334,
              0
            ],
            [
              108.118047,
              16.082423,
              0
            ],
            [
              108.117485,
              16.081837,
              0
            ],
            [
              108.116025,
              16.080087,
              0
            ]
          ]
        ]
      }
    },
    {
      "type": "Feature",
      "properties": {
        "name": "Tổ dân phố Thanh Vinh 3",
        "boundary_info": "P. Đông giáp: đường Thanh Vinh 11 - đường Lê Công Kiều - đường số 10B\nP. Tây giáp: núi\nP. Nam giáp: K529 Âu Cơ (Ranh giới giữa Đa Phước và Thanh Vinh cũ trước đây)\nP. Bắc giáp: K665- đường số 8 KCN",
        "households": 589,
        "population": 1918,
        "police_name": "Nguyễn Viết Thành",
        "police_phone": "0905.244.113"
      },
      "geometry": {
        "type": "Polygon",
        "coordinates": [
          [
            [
              108.12782,
              16.077451,
              0
            ],
            [
              108.127764,
              16.07733,
              0
            ],
            [
              108.127731,
              16.077085,
              0
            ],
            [
              108.127642,
              16.076404,
              0
            ],
            [
              108.127225,
              16.07646,
              0
            ],
            [
              108.127102,
              16.076219,
              0
            ],
            [
              108.126869,
              16.07621,
              0
            ],
            [
              108.126682,
              16.075301,
              0
            ],
            [
              108.125734,
              16.074946,
              0
            ],
            [
              108.125703,
              16.074795,
              0
            ],
            [
              108.125677,
              16.074631,
              0
            ],
            [
              108.125491,
              16.074651,
              0
            ],
            [
              108.124777,
              16.073308,
              0
            ],
            [
              108.125269,
              16.072065,
              0
            ],
            [
              108.124137,
              16.067379,
              0
            ],
            [
              108.126066,
              16.066854,
              0
            ],
            [
              108.127015,
              16.066146,
              0
            ],
            [
              108.127645,
              16.06646,
              0
            ],
            [
              108.128751,
              16.065457,
              0
            ],
            [
              108.13015,
              16.064323,
              0
            ],
            [
              108.131231,
              16.063394,
              0
            ],
            [
              108.132278,
              16.073154,
              0
            ],
            [
              108.132485,
              16.073251,
              0
            ],
            [
              108.132784,
              16.07453,
              0
            ],
            [
              108.132097,
              16.075025,
              0
            ],
            [
              108.131687,
              16.075483,
              0
            ],
            [
              108.132087,
              16.076034,
              0
            ],
            [
              108.132625,
              16.075944,
              0
            ],
            [
              108.132781,
              16.076172,
              0
            ],
            [
              108.132637,
              16.076275,
              0
            ],
            [
              108.133052,
              16.076703,
              0
            ],
            [
              108.133152,
              16.076814,
              0
            ],
            [
              108.133251,
              16.076924,
              0
            ],
            [
              108.136088,
              16.080271,
              0
            ],
            [
              108.132462,
              16.083323,
              0
            ],
            [
              108.129043,
              16.079464,
              0
            ],
            [
              108.128842,
              16.0789,
              0
            ],
            [
              108.12876,
              16.078707,
              0
            ],
            [
              108.128633,
              16.078367,
              0
            ],
            [
              108.128001,
              16.077641,
              0
            ],
            [
              108.12782,
              16.077451,
              0
            ]
          ]
        ]
      }
    },
    {
      "type": "Feature",
      "properties": {
        "name": "Quang Thành 3",
        "boundary_info": "P. Đông giáp: Đường Nguyễn Lương Bằng\nP.Tây giáp: Đường số 3 KCN\nP.Nam giáp: Đường Lạc Long Quân\nP. Bắc giáp: Đường số 2 KCN",
        "households": 465,
        "population": 1725,
        "police_name": "Nguyễn Đức Tuấn",
        "police_phone": "0935.267.277"
      },
      "geometry": {
        "type": "Polygon",
        "coordinates": [
          [
            [
              108.145521,
              16.083606,
              0
            ],
            [
              108.139866,
              16.077181,
              0
            ],
            [
              108.141394,
              16.075925,
              0
            ],
            [
              108.14223,
              16.075296,
              0
            ],
            [
              108.142886,
              16.074813,
              0
            ],
            [
              108.143022,
              16.074729,
              0
            ],
            [
              108.143174,
              16.074616,
              0
            ],
            [
              108.143309,
              16.07497,
              0
            ],
            [
              108.143534,
              16.075429,
              0
            ],
            [
              108.143905,
              16.07578,
              0
            ],
            [
              108.145782,
              16.076396,
              0
            ],
            [
              108.146216,
              16.076531,
              0
            ],
            [
              108.146347,
              16.076568,
              0
            ],
            [
              108.146607,
              16.076637,
              0
            ],
            [
              108.148227,
              16.07713,
              0
            ],
            [
              108.145521,
              16.083606,
              0
            ]
          ]
        ]
      }
    },
    {
      "type": "Feature",
      "properties": {
        "name": "Tổ dân phố Quang Thành 2",
        "boundary_info": "P. Đông giáp: Đường Nguyễn Lương Bằng\nP.Tây giáp: Đồng Kè\nP.Nam giáp: k97 Nguyễn Lương Bằng\nP. Bắc giáp: Lạc Long Quân",
        "households": 455,
        "population": 1382,
        "police_name": "Ngô Tấn Tài",
        "police_phone": "0905.848.418"
      },
      "geometry": {
        "type": "Polygon",
        "coordinates": [
          [
            [
              108.143923,
              16.075757,
              0
            ],
            [
              108.145195,
              16.076199,
              0
            ],
            [
              108.145932,
              16.076431,
              0
            ],
            [
              108.146765,
              16.076683,
              0
            ],
            [
              108.148229,
              16.077112,
              0
            ],
            [
              108.149124,
              16.074939,
              0
            ],
            [
              108.149116,
              16.074905,
              0
            ],
            [
              108.148567,
              16.074708,
              0
            ],
            [
              108.148214,
              16.074566,
              0
            ],
            [
              108.147702,
              16.074382,
              0
            ],
            [
              108.147189,
              16.074187,
              0
            ],
            [
              108.146984,
              16.074112,
              0
            ],
            [
              108.146902,
              16.074129,
              0
            ],
            [
              108.146804,
              16.074101,
              0
            ],
            [
              108.146677,
              16.073988,
              0
            ],
            [
              108.146622,
              16.073957,
              0
            ],
            [
              108.146253,
              16.074223,
              0
            ],
            [
              108.146011,
              16.074422,
              0
            ],
            [
              108.145816,
              16.074661,
              0
            ],
            [
              108.145703,
              16.07475,
              0
            ],
            [
              108.145509,
              16.074896,
              0
            ],
            [
              108.145179,
              16.075035,
              0
            ],
            [
              108.144729,
              16.075277,
              0
            ],
            [
              108.144111,
              16.075628,
              0
            ],
            [
              108.143914,
              16.075725,
              0
            ],
            [
              108.143923,
              16.075757,
              0
            ]
          ]
        ]
      }
    },
    {
      "type": "Feature",
      "properties": {
        "name": "Tổ dân phố Thanh Vinh 2",
        "boundary_info": "P. Đông giáp: Đường số 3\nP. Tây giáp: đường Thanh Vinh 11 - đường Lê Công Kiều - đường số 10B\nP. Nam giáp: K665 Âu Cơ - dường số 8\nP. Bắc giáp: đường Mê Linh",
        "households": 468,
        "population": 1396,
        "police_name": "Nguyễn Viết Thành",
        "police_phone": "0905.244.113"
      },
      "geometry": {
        "type": "Polygon",
        "coordinates": [
          [
            [
              108.124475,
              16.089903,
              0
            ],
            [
              108.132388,
              16.083394,
              0
            ],
            [
              108.12904,
              16.079514,
              0
            ],
            [
              108.128854,
              16.079044,
              0
            ],
            [
              108.128815,
              16.078888,
              0
            ],
            [
              108.128686,
              16.078582,
              0
            ],
            [
              108.128566,
              16.078352,
              0
            ],
            [
              108.12805,
              16.077719,
              0
            ],
            [
              108.127867,
              16.077553,
              0
            ],
            [
              108.127781,
              16.07745,
              0
            ],
            [
              108.127738,
              16.077317,
              0
            ],
            [
              108.12764,
              16.076477,
              0
            ],
            [
              108.127192,
              16.076497,
              0
            ],
            [
              108.127095,
              16.07626,
              0
            ],
            [
              108.126854,
              16.076262,
              0
            ],
            [
              108.126683,
              16.075347,
              0
            ],
            [
              108.125702,
              16.074972,
              0
            ],
            [
              108.125669,
              16.074655,
              0
            ],
            [
              108.123851,
              16.07495,
              0
            ],
            [
              108.123496,
              16.074831,
              0
            ],
            [
              108.122026,
              16.074877,
              0
            ],
            [
              108.122028,
              16.075108,
              0
            ],
            [
              108.122084,
              16.07546,
              0
            ],
            [
              108.122201,
              16.076035,
              0
            ],
            [
              108.122379,
              16.076708,
              0
            ],
            [
              108.122395,
              16.076901,
              0
            ],
            [
              108.122009,
              16.077351,
              0
            ],
            [
              108.12166,
              16.07807,
              0
            ],
            [
              108.121391,
              16.07812,
              0
            ],
            [
              108.121239,
              16.078582,
              0
            ],
            [
              108.12081,
              16.080033,
              0
            ],
            [
              108.119822,
              16.081092,
              0
            ],
            [
              108.118121,
              16.082439,
              0
            ],
            [
              108.118082,
              16.082478,
              0
            ],
            [
              108.120396,
              16.085015,
              0
            ],
            [
              108.12239,
              16.087431,
              0
            ],
            [
              108.124475,
              16.089903,
              0
            ]
          ]
        ]
      }
    },
    {
      "type": "Feature",
      "properties": {
        "name": "Tổ dân phố Chung Cư 1",
        "boundary_info": "P. Đông giáp: Đường số 4 KCN\nP. Tây giáp: Đường Âu cơ\nP. Nam giáp: Đình Làng Đa Phước \nP. Bắc giáp: đường mòn",
        "households": 1453,
        "population": 4212,
        "police_name": "Đỗ Minh Quân",
        "police_phone": "0935.489.809"
      },
      "geometry": {
        "type": "Polygon",
        "coordinates": [
          [
            [
              108.132679,
              16.075955,
              0
            ],
            [
              108.132802,
              16.076164,
              0
            ],
            [
              108.136301,
              16.074282,
              0
            ],
            [
              108.138034,
              16.073398,
              0
            ],
            [
              108.137657,
              16.072805,
              0
            ],
            [
              108.136628,
              16.073287,
              0
            ],
            [
              108.135501,
              16.073811,
              0
            ],
            [
              108.134993,
              16.074148,
              0
            ],
            [
              108.133568,
              16.075234,
              0
            ],
            [
              108.13307,
              16.07557,
              0
            ],
            [
              108.13279,
              16.075763,
              0
            ],
            [
              108.132639,
              16.075863,
              0
            ],
            [
              108.132679,
              16.075955,
              0
            ]
          ]
        ]
      }
    },
    {
      "type": "Feature",
      "properties": {
        "name": "Đa Phước 3",
        "boundary_info": "P. Đông giáp: đường Tôn Đức Thắng\nP. Tây giáp: đường Đoàn Phú Tư\nP. Nam giáp: Ngô Văn Sở\nP. Bắc giáp: đường Âu Cơ - Đồng Kè -  K142 Âu Cơ",
        "households": 460,
        "population": 2003,
        "police_name": "Ngô Tấn Tài",
        "police_phone": "0905.848.418"
      },
      "geometry": {
        "type": "Polygon",
        "coordinates": [
          [
            [
              108.143216,
              16.070032,
              0
            ],
            [
              108.143832,
              16.070708,
              0
            ],
            [
              108.145878,
              16.069666,
              0
            ],
            [
              108.146316,
              16.069892,
              0
            ],
            [
              108.146415,
              16.070408,
              0
            ],
            [
              108.146461,
              16.070668,
              0
            ],
            [
              108.146503,
              16.07099,
              0
            ],
            [
              108.146705,
              16.071529,
              0
            ],
            [
              108.147013,
              16.072014,
              0
            ],
            [
              108.147501,
              16.071741,
              0
            ],
            [
              108.14785,
              16.071622,
              0
            ],
            [
              108.148176,
              16.071346,
              0
            ],
            [
              108.148667,
              16.071019,
              0
            ],
            [
              108.150434,
              16.071764,
              0
            ],
            [
              108.151472,
              16.069223,
              0
            ],
            [
              108.148104,
              16.067824,
              0
            ],
            [
              108.147704,
              16.067449,
              0
            ],
            [
              108.146934,
              16.068078,
              0
            ],
            [
              108.146405,
              16.068495,
              0
            ],
            [
              108.143357,
              16.069923,
              0
            ],
            [
              108.143278,
              16.069963,
              0
            ],
            [
              108.143216,
              16.070032,
              0
            ]
          ]
        ]
      }
    },
    {
      "type": "Feature",
      "properties": {
        "name": "Quang Thành 1",
        "boundary_info": "P. Đông giáp: Nguyễn Lương Bằng\nP.Tây giáp: Đường Đồng Kè\nP.Nam giáp: Đường Âu Cơ\nP. Bắc giáp: K97 Nguyễn Lương Bằng - Đồng Kè",
        "households": 614,
        "population": 2130,
        "police_name": "Ngô Tấn Tài",
        "police_phone": "0905.848.418"
      },
      "geometry": {
        "type": "Polygon",
        "coordinates": [
          [
            [
              108.149062,
              16.074848,
              0
            ],
            [
              108.146984,
              16.074101,
              0
            ],
            [
              108.146897,
              16.074123,
              0
            ],
            [
              108.146811,
              16.074098,
              0
            ],
            [
              108.146707,
              16.074004,
              0
            ],
            [
              108.146438,
              16.073691,
              0
            ],
            [
              108.146137,
              16.07327,
              0
            ],
            [
              108.145975,
              16.073063,
              0
            ],
            [
              108.145846,
              16.072857,
              0
            ],
            [
              108.145802,
              16.072774,
              0
            ],
            [
              108.146197,
              16.072515,
              0
            ],
            [
              108.146625,
              16.07228,
              0
            ],
            [
              108.147015,
              16.072067,
              0
            ],
            [
              108.147367,
              16.071869,
              0
            ],
            [
              108.147795,
              16.071692,
              0
            ],
            [
              108.147996,
              16.071534,
              0
            ],
            [
              108.148708,
              16.071057,
              0
            ],
            [
              108.149342,
              16.071335,
              0
            ],
            [
              108.15044,
              16.071806,
              0
            ],
            [
              108.149911,
              16.073116,
              0
            ],
            [
              108.149457,
              16.074149,
              0
            ],
            [
              108.149171,
              16.074877,
              0
            ],
            [
              108.149062,
              16.074848,
              0
            ]
          ]
        ]
      }
    },
    {
      "type": "Feature",
      "properties": {
        "name": "Tổ dân phố Đa Phước 2",
        "boundary_info": "",
        "households": 767,
        "population": 3501,
        "police_name": "Nguyễn Quý",
        "police_phone": "0905.957.955"
      },
      "geometry": {
        "type": "Polygon",
        "coordinates": [
          [
            [
              108.14228,
              16.075197,
              0
            ],
            [
              108.143186,
              16.074581,
              0
            ],
            [
              108.143525,
              16.07537,
              0
            ],
            [
              108.143891,
              16.075714,
              0
            ],
            [
              108.145498,
              16.074881,
              0
            ],
            [
              108.145791,
              16.074666,
              0
            ],
            [
              108.14613,
              16.074278,
              0
            ],
            [
              108.146611,
              16.073949,
              0
            ],
            [
              108.146064,
              16.073226,
              0
            ],
            [
              108.14594,
              16.073053,
              0
            ],
            [
              108.145763,
              16.072757,
              0
            ],
            [
              108.146975,
              16.072022,
              0
            ],
            [
              108.146657,
              16.071512,
              0
            ],
            [
              108.146472,
              16.070973,
              0
            ],
            [
              108.146286,
              16.069906,
              0
            ],
            [
              108.145903,
              16.06976,
              0
            ],
            [
              108.145646,
              16.069835,
              0
            ],
            [
              108.142213,
              16.071656,
              0
            ],
            [
              108.141508,
              16.071916,
              0
            ],
            [
              108.137779,
              16.073643,
              0
            ],
            [
              108.132671,
              16.076276,
              0
            ],
            [
              108.134375,
              16.078135,
              0
            ],
            [
              108.136159,
              16.080248,
              0
            ],
            [
              108.139861,
              16.077095,
              0
            ],
            [
              108.139914,
              16.07707,
              0
            ],
            [
              108.141526,
              16.075794,
              0
            ],
            [
              108.14228,
              16.075197,
              0
            ]
          ]
        ]
      }
    },
    {
      "type": "Feature",
      "properties": {
        "name": "Tổ dân phố Trung Sơn",
        "boundary_info": "P. Đông giáp: phường Hải Vân\nP. Tây giáp: Đường Vành đai tây 2\nP. Nam giáp: đường Mê Linh \nP. Bắc giáp: sông Cu Đê\nCông thêm số  hộ Khu dân cư Trung Nam vào Trung Sơn",
        "households": 550,
        "population": 1478,
        "police_name": "Lê Trần Thái Hà",
        "police_phone": "0935.640.403"
      },
      "geometry": {
        "type": "Polygon",
        "coordinates": [
          [
            [
              108.124419,
              16.089996,
              0
            ],
            [
              108.12107,
              16.092755,
              0
            ],
            [
              108.115899,
              16.095394,
              0
            ],
            [
              108.118088,
              16.09826,
              0
            ],
            [
              108.115252,
              16.101326,
              0
            ],
            [
              108.114554,
              16.102192,
              0
            ],
            [
              108.114156,
              16.102652,
              0
            ],
            [
              108.118125,
              16.105203,
              0
            ],
            [
              108.116351,
              16.107866,
              0
            ],
            [
              108.117917,
              16.10901,
              0
            ],
            [
              108.11884,
              16.109783,
              0
            ],
            [
              108.11971,
              16.111553,
              0
            ],
            [
              108.119662,
              16.114476,
              0
            ],
            [
              108.119197,
              16.116391,
              0
            ],
            [
              108.117373,
              16.115978,
              0
            ],
            [
              108.115592,
              16.115648,
              0
            ],
            [
              108.112674,
              16.115195,
              0
            ],
            [
              108.110056,
              16.11503,
              0
            ],
            [
              108.107095,
              16.114618,
              0
            ],
            [
              108.10621,
              16.112819,
              0
            ],
            [
              108.106261,
              16.111657,
              0
            ],
            [
              108.106376,
              16.110412,
              0
            ],
            [
              108.105989,
              16.108519,
              0
            ],
            [
              108.103116,
              16.106034,
              0
            ],
            [
              108.102104,
              16.104909,
              0
            ],
            [
              108.101653,
              16.104448,
              0
            ],
            [
              108.101507,
              16.104177,
              0
            ],
            [
              108.101392,
              16.103936,
              0
            ],
            [
              108.101073,
              16.103189,
              0
            ],
            [
              108.101116,
              16.102142,
              0
            ],
            [
              108.1015,
              16.101413,
              0
            ],
            [
              108.101534,
              16.100839,
              0
            ],
            [
              108.101666,
              16.100378,
              0
            ],
            [
              108.104048,
              16.098414,
              0
            ],
            [
              108.107246,
              16.095889,
              0
            ],
            [
              108.108866,
              16.094585,
              0
            ],
            [
              108.10939,
              16.094159,
              0
            ],
            [
              108.110035,
              16.093641,
              0
            ],
            [
              108.110172,
              16.093549,
              0
            ],
            [
              108.120199,
              16.085132,
              0
            ],
            [
              108.124419,
              16.089996,
              0
            ]
          ]
        ]
      }
    },
    {
      "type": "Feature",
      "properties": {
        "name": "Tổ dân phố Quan Nam 2",
        "boundary_info": "P. Đông giáp: Đường Vành đai tây 2\nP Tây giáp: Kênh thoát lũ\nP Nam giáp:Đường Nguyễn Thiên Tích\nP Bắc giáp: Kênh thoát lũ",
        "households": 460,
        "population": 1555,
        "police_name": "Đinh Ngọc Sỹ",
        "police_phone": "0789.452.479"
      },
      "geometry": {
        "type": "Polygon",
        "coordinates": [
          [
            [
              108.101826,
              16.100158,
              0
            ],
            [
              108.099999,
              16.098013,
              0
            ],
            [
              108.099175,
              16.096756,
              0
            ],
            [
              108.099479,
              16.09625,
              0
            ],
            [
              108.099939,
              16.095704,
              0
            ],
            [
              108.100344,
              16.094821,
              0
            ],
            [
              108.101171,
              16.092918,
              0
            ],
            [
              108.101872,
              16.091677,
              0
            ],
            [
              108.102009,
              16.091277,
              0
            ],
            [
              108.101989,
              16.091044,
              0
            ],
            [
              108.102146,
              16.090829,
              0
            ],
            [
              108.102385,
              16.090538,
              0
            ],
            [
              108.102622,
              16.090805,
              0
            ],
            [
              108.102836,
              16.091087,
              0
            ],
            [
              108.103136,
              16.091442,
              0
            ],
            [
              108.103654,
              16.091979,
              0
            ],
            [
              108.104247,
              16.09265,
              0
            ],
            [
              108.104826,
              16.093254,
              0
            ],
            [
              108.10537,
              16.093869,
              0
            ],
            [
              108.106186,
              16.09477,
              0
            ],
            [
              108.107108,
              16.095886,
              0
            ],
            [
              108.105742,
              16.096918,
              0
            ],
            [
              108.104072,
              16.098298,
              0
            ],
            [
              108.102863,
              16.099293,
              0
            ],
            [
              108.102147,
              16.099896,
              0
            ],
            [
              108.101826,
              16.100158,
              0
            ]
          ]
        ]
      }
    },
    {
      "type": "Feature",
      "properties": {
        "name": "Quan Nam 5",
        "boundary_info": "P. Đông giáp: Đường Vành đai tây 2\nP Tây giáp: Kênh thoát lũ\nP Nam giáp:Đường Nguyễn Tất Thành\nP Bắc giáp: Đường Nguyễn Thiên Tích",
        "households": 514,
        "population": 1903,
        "police_name": "Lê Trần Thái Hà",
        "police_phone": "0935.640.403"
      },
      "geometry": {
        "type": "Polygon",
        "coordinates": [
          [
            [
              108.1024,
              16.090505,
              0
            ],
            [
              108.102531,
              16.090357,
              0
            ],
            [
              108.103359,
              16.090517,
              0
            ],
            [
              108.104654,
              16.090558,
              0
            ],
            [
              108.105063,
              16.090896,
              0
            ],
            [
              108.106685,
              16.089496,
              0
            ],
            [
              108.110201,
              16.093419,
              0
            ],
            [
              108.107188,
              16.095832,
              0
            ],
            [
              108.107134,
              16.095857,
              0
            ],
            [
              108.106043,
              16.094533,
              0
            ],
            [
              108.104397,
              16.092699,
              0
            ],
            [
              108.10296,
              16.091166,
              0
            ],
            [
              108.102552,
              16.090635,
              0
            ],
            [
              108.1024,
              16.090505,
              0
            ]
          ]
        ]
      }
    },
    {
      "type": "Feature",
      "properties": {
        "name": "Tổ dân phố Quan Nam 3",
        "households": 0,
        "population": 0,
        "police_name": "",
        "police_phone": "",
        "boundary_info": ""
      },
      "geometry": {
        "type": "Polygon",
        "coordinates": [
          [
            [
              108.065374,
              16.112583,
              0
            ],
            [
              108.065316,
              16.11248,
              0
            ],
            [
              108.065199,
              16.112379,
              0
            ],
            [
              108.065119,
              16.112255,
              0
            ],
            [
              108.065052,
              16.112217,
              0
            ],
            [
              108.065006,
              16.112135,
              0
            ],
            [
              108.064809,
              16.111897,
              0
            ],
            [
              108.064585,
              16.111379,
              0
            ],
            [
              108.064573,
              16.111209,
              0
            ],
            [
              108.064581,
              16.110952,
              0
            ],
            [
              108.064579,
              16.11037,
              0
            ],
            [
              108.064287,
              16.10973,
              0
            ],
            [
              108.06413,
              16.109571,
              0
            ],
            [
              108.064079,
              16.109464,
              0
            ],
            [
              108.063904,
              16.109394,
              0
            ],
            [
              108.064094,
              16.109472,
              0
            ],
            [
              108.063867,
              16.10932,
              0
            ],
            [
              108.063903,
              16.109197,
              0
            ],
            [
              108.063898,
              16.108957,
              0
            ],
            [
              108.063831,
              16.108697,
              0
            ],
            [
              108.063849,
              16.1081,
              0
            ],
            [
              108.063802,
              16.107654,
              0
            ],
            [
              108.063721,
              16.106907,
              0
            ],
            [
              108.063696,
              16.106607,
              0
            ],
            [
              108.063654,
              16.106289,
              0
            ],
            [
              108.063627,
              16.105879,
              0
            ],
            [
              108.063561,
              16.105605,
              0
            ],
            [
              108.073984,
              16.103531,
              0
            ],
            [
              108.07967,
              16.103037,
              0
            ],
            [
              108.08305,
              16.103583,
              0
            ],
            [
              108.085668,
              16.103343,
              0
            ],
            [
              108.087695,
              16.103263,
              0
            ],
            [
              108.088384,
              16.103683,
              0
            ],
            [
              108.089114,
              16.103091,
              0
            ],
            [
              108.090444,
              16.10222,
              0
            ],
            [
              108.09199,
              16.10231,
              0
            ],
            [
              108.092505,
              16.102418,
              0
            ],
            [
              108.09257,
              16.102408,
              0
            ],
            [
              108.092613,
              16.102436,
              0
            ],
            [
              108.092647,
              16.102438,
              0
            ],
            [
              108.092689,
              16.102428,
              0
            ],
            [
              108.092718,
              16.102455,
              0
            ],
            [
              108.094778,
              16.102002,
              0
            ],
            [
              108.095298,
              16.100888,
              0
            ],
            [
              108.093185,
              16.10021,
              0
            ],
            [
              108.093594,
              16.099755,
              0
            ],
            [
              108.093629,
              16.098476,
              0
            ],
            [
              108.093847,
              16.098324,
              0
            ],
            [
              108.093875,
              16.097828,
              0
            ],
            [
              108.094454,
              16.097778,
              0
            ],
            [
              108.095053,
              16.097971,
              0
            ],
            [
              108.095411,
              16.098275,
              0
            ],
            [
              108.096428,
              16.097967,
              0
            ],
            [
              108.09641,
              16.097875,
              0
            ],
            [
              108.096357,
              16.097757,
              0
            ],
            [
              108.09629,
              16.097461,
              0
            ],
            [
              108.09618,
              16.097163,
              0
            ],
            [
              108.09598,
              16.096524,
              0
            ],
            [
              108.095909,
              16.095739,
              0
            ],
            [
              108.096105,
              16.094027,
              0
            ],
            [
              108.096578,
              16.09408,
              0
            ],
            [
              108.097665,
              16.094234,
              0
            ],
            [
              108.098467,
              16.094387,
              0
            ],
            [
              108.098709,
              16.095695,
              0
            ],
            [
              108.098944,
              16.09587,
              0
            ],
            [
              108.099273,
              16.095947,
              0
            ],
            [
              108.099096,
              16.096799,
              0
            ],
            [
              108.100372,
              16.098618,
              0
            ],
            [
              108.100763,
              16.099089,
              0
            ],
            [
              108.101068,
              16.09941,
              0
            ],
            [
              108.101588,
              16.100024,
              0
            ],
            [
              108.101415,
              16.101078,
              0
            ],
            [
              108.101408,
              16.101523,
              0
            ],
            [
              108.101029,
              16.102137,
              0
            ],
            [
              108.100989,
              16.103175,
              0
            ],
            [
              108.10153,
              16.104393,
              0
            ],
            [
              108.101932,
              16.104819,
              0
            ],
            [
              108.103651,
              16.106556,
              0
            ],
            [
              108.105889,
              16.108548,
              0
            ],
            [
              108.106255,
              16.110451,
              0
            ],
            [
              108.106101,
              16.112719,
              0
            ],
            [
              108.106935,
              16.114635,
              0
            ],
            [
              108.10386,
              16.114415,
              0
            ],
            [
              108.101169,
              16.114157,
              0
            ],
            [
              108.098671,
              16.113087,
              0
            ],
            [
              108.096441,
              16.109731,
              0
            ],
            [
              108.095769,
              16.108832,
              0
            ],
            [
              108.094002,
              16.107074,
              0
            ],
            [
              108.092943,
              16.10657,
              0
            ],
            [
              108.092498,
              16.106597,
              0
            ],
            [
              108.091418,
              16.106688,
              0
            ],
            [
              108.089311,
              16.107229,
              0
            ],
            [
              108.087965,
              16.107894,
              0
            ],
            [
              108.085755,
              16.108946,
              0
            ],
            [
              108.083455,
              16.109804,
              0
            ],
            [
              108.082125,
              16.110113,
              0
            ],
            [
              108.080923,
              16.110218,
              0
            ],
            [
              108.07969,
              16.110209,
              0
            ],
            [
              108.0772,
              16.110192,
              0
            ],
            [
              108.075806,
              16.110305,
              0
            ],
            [
              108.073671,
              16.110321,
              0
            ],
            [
              108.071933,
              16.110542,
              0
            ],
            [
              108.071235,
              16.110666,
              0
            ],
            [
              108.070643,
              16.110736,
              0
            ],
            [
              108.069289,
              16.110987,
              0
            ],
            [
              108.068033,
              16.111537,
              0
            ],
            [
              108.066509,
              16.112124,
              0
            ],
            [
              108.065483,
              16.112759,
              0
            ],
            [
              108.065374,
              16.112583,
              0
            ]
          ]
        ]
      }
    },
    {
      "type": "Feature",
      "properties": {
        "name": "Quan Nam 1",
        "boundary_info": "P. Đông giáp: Đường ĐT 601\nP Tây giáp: Khu công nghệ cao\nP Nam giáp: Đường Ngô Miễn\nP Bắc giáp: Nhà máy nước",
        "households": 543,
        "population": 2114,
        "police_name": "Đinh Ngọc Sỹ",
        "police_phone": "0789.452.479"
      },
      "geometry": {
        "type": "Polygon",
        "coordinates": [
          [
            [
              108.039259,
              16.106831,
              0
            ],
            [
              108.039383,
              16.106694,
              0
            ],
            [
              108.039629,
              16.106488,
              0
            ],
            [
              108.039872,
              16.106351,
              0
            ],
            [
              108.041082,
              16.105471,
              0
            ],
            [
              108.042317,
              16.105674,
              0
            ],
            [
              108.044208,
              16.106081,
              0
            ],
            [
              108.044386,
              16.106081,
              0
            ],
            [
              108.045994,
              16.106491,
              0
            ],
            [
              108.048222,
              16.107181,
              0
            ],
            [
              108.051178,
              16.10663,
              0
            ],
            [
              108.051292,
              16.106562,
              0
            ],
            [
              108.053501,
              16.106632,
              0
            ],
            [
              108.056242,
              16.107185,
              0
            ],
            [
              108.057164,
              16.107882,
              0
            ],
            [
              108.057284,
              16.107882,
              0
            ],
            [
              108.059703,
              16.107954,
              0
            ],
            [
              108.059984,
              16.107814,
              0
            ],
            [
              108.061761,
              16.106158,
              0
            ],
            [
              108.063387,
              16.105347,
              0
            ],
            [
              108.07973,
              16.102774,
              0
            ],
            [
              108.083027,
              16.103378,
              0
            ],
            [
              108.087742,
              16.103161,
              0
            ],
            [
              108.087681,
              16.103161,
              0
            ],
            [
              108.088338,
              16.103489,
              0
            ],
            [
              108.090296,
              16.102188,
              0
            ],
            [
              108.092699,
              16.102341,
              0
            ],
            [
              108.094721,
              16.101926,
              0
            ],
            [
              108.095111,
              16.101117,
              0
            ],
            [
              108.095256,
              16.100917,
              0
            ],
            [
              108.09324,
              16.100276,
              0
            ],
            [
              108.093116,
              16.100228,
              0
            ],
            [
              108.093551,
              16.099734,
              0
            ],
            [
              108.093611,
              16.09844,
              0
            ],
            [
              108.093798,
              16.098317,
              0
            ],
            [
              108.093865,
              16.097824,
              0
            ],
            [
              108.094433,
              16.097749,
              0
            ],
            [
              108.094895,
              16.097883,
              0
            ],
            [
              108.095092,
              16.097986,
              0
            ],
            [
              108.09541,
              16.098268,
              0
            ],
            [
              108.096174,
              16.097974,
              0
            ],
            [
              108.096366,
              16.097881,
              0
            ],
            [
              108.095952,
              16.096537,
              0
            ],
            [
              108.095892,
              16.095615,
              0
            ],
            [
              108.09597,
              16.094674,
              0
            ],
            [
              108.095992,
              16.094494,
              0
            ],
            [
              108.096064,
              16.093945,
              0
            ],
            [
              108.096131,
              16.093156,
              0
            ],
            [
              108.096154,
              16.093001,
              0
            ],
            [
              108.096208,
              16.09249,
              0
            ],
            [
              108.096257,
              16.092196,
              0
            ],
            [
              108.0963,
              16.091785,
              0
            ],
            [
              108.096359,
              16.091489,
              0
            ],
            [
              108.096408,
              16.091288,
              0
            ],
            [
              108.096473,
              16.091018,
              0
            ],
            [
              108.096487,
              16.090892,
              0
            ],
            [
              108.096499,
              16.09078,
              0
            ],
            [
              108.096532,
              16.090681,
              0
            ],
            [
              108.096611,
              16.090409,
              0
            ],
            [
              108.096642,
              16.090282,
              0
            ],
            [
              108.096679,
              16.09019,
              0
            ],
            [
              108.094351,
              16.08981,
              0
            ],
            [
              108.090796,
              16.089524,
              0
            ],
            [
              108.090635,
              16.089542,
              0
            ],
            [
              108.090394,
              16.090392,
              0
            ],
            [
              108.088528,
              16.090465,
              0
            ],
            [
              108.087167,
              16.090611,
              0
            ],
            [
              108.086437,
              16.090707,
              0
            ],
            [
              108.08522,
              16.089763,
              0
            ],
            [
              108.083895,
              16.090403,
              0
            ],
            [
              108.07884,
              16.089956,
              0
            ],
            [
              108.072679,
              16.089093,
              0
            ],
            [
              108.07237,
              16.089803,
              0
            ],
            [
              108.071979,
              16.090805,
              0
            ],
            [
              108.071783,
              16.091081,
              0
            ],
            [
              108.071441,
              16.091015,
              0
            ],
            [
              108.069974,
              16.093453,
              0
            ],
            [
              108.068342,
              16.092971,
              0
            ],
            [
              108.068514,
              16.092918,
              0
            ],
            [
              108.064596,
              16.093081,
              0
            ],
            [
              108.062715,
              16.093282,
              0
            ],
            [
              108.060327,
              16.093792,
              0
            ],
            [
              108.058877,
              16.094771,
              0
            ],
            [
              108.055632,
              16.095,
              0
            ],
            [
              108.052205,
              16.098192,
              0
            ],
            [
              108.043004,
              16.094491,
              0
            ],
            [
              108.042965,
              16.096666,
              0
            ],
            [
              108.042322,
              16.098322,
              0
            ],
            [
              108.041629,
              16.100585,
              0
            ],
            [
              108.040655,
              16.102795,
              0
            ],
            [
              108.039756,
              16.104415,
              0
            ],
            [
              108.039259,
              16.106831,
              0
            ]
          ]
        ]
      }
    },
    {
      "type": "Feature",
      "properties": {
        "name": "Tổ dân phố Hưởng Phước",
        "boundary_info": "P. Đông giáp: phường Hòa Khánh\nP. Tây giáp: Xã Bà Nà\nP Nam giáp: Phường Hoà Khánh\nP Bắc giáp: Kênh thoát lũ",
        "households": 578,
        "population": 2088,
        "police_name": "Nguyễn Hữu Lợi",
        "police_phone": "0905.939.067"
      },
      "geometry": {
        "type": "Polygon",
        "coordinates": [
          [
            [
              108.093489,
              16.080013,
              0
            ],
            [
              108.095019,
              16.079377,
              0
            ],
            [
              108.095256,
              16.079394,
              0
            ],
            [
              108.09547,
              16.079536,
              0
            ],
            [
              108.095741,
              16.079784,
              0
            ],
            [
              108.095885,
              16.079921,
              0
            ],
            [
              108.096091,
              16.080122,
              0
            ],
            [
              108.096338,
              16.080231,
              0
            ],
            [
              108.096612,
              16.080484,
              0
            ],
            [
              108.096983,
              16.080838,
              0
            ],
            [
              108.097039,
              16.080781,
              0
            ],
            [
              108.097155,
              16.080564,
              0
            ],
            [
              108.097245,
              16.0804,
              0
            ],
            [
              108.097383,
              16.080212,
              0
            ],
            [
              108.097523,
              16.080022,
              0
            ],
            [
              108.097699,
              16.079607,
              0
            ],
            [
              108.097799,
              16.079509,
              0
            ],
            [
              108.098419,
              16.080058,
              0
            ],
            [
              108.098594,
              16.080108,
              0
            ],
            [
              108.101212,
              16.080488,
              0
            ],
            [
              108.101317,
              16.080117,
              0
            ],
            [
              108.104066,
              16.079277,
              0
            ],
            [
              108.103603,
              16.078915,
              0
            ],
            [
              108.103146,
              16.078784,
              0
            ],
            [
              108.10268,
              16.078719,
              0
            ],
            [
              108.102699,
              16.078258,
              0
            ],
            [
              108.101724,
              16.078084,
              0
            ],
            [
              108.101518,
              16.077973,
              0
            ],
            [
              108.101523,
              16.076384,
              0
            ],
            [
              108.101407,
              16.076021,
              0
            ],
            [
              108.100901,
              16.074591,
              0
            ],
            [
              108.10013,
              16.074783,
              0
            ],
            [
              108.099792,
              16.07407,
              0
            ],
            [
              108.099462,
              16.074017,
              0
            ],
            [
              108.099471,
              16.073943,
              0
            ],
            [
              108.09935,
              16.073763,
              0
            ],
            [
              108.099165,
              16.073681,
              0
            ],
            [
              108.099053,
              16.07344,
              0
            ],
            [
              108.098957,
              16.073087,
              0
            ],
            [
              108.098765,
              16.073185,
              0
            ],
            [
              108.098625,
              16.0732,
              0
            ],
            [
              108.09853,
              16.073218,
              0
            ],
            [
              108.09851,
              16.073191,
              0
            ],
            [
              108.09839,
              16.073207,
              0
            ],
            [
              108.098275,
              16.07292,
              0
            ],
            [
              108.09814,
              16.072748,
              0
            ],
            [
              108.097814,
              16.072653,
              0
            ],
            [
              108.097553,
              16.072605,
              0
            ],
            [
              108.097457,
              16.072679,
              0
            ],
            [
              108.097297,
              16.072234,
              0
            ],
            [
              108.097346,
              16.072093,
              0
            ],
            [
              108.097527,
              16.071955,
              0
            ],
            [
              108.097547,
              16.071814,
              0
            ],
            [
              108.097323,
              16.07181,
              0
            ],
            [
              108.097104,
              16.071779,
              0
            ],
            [
              108.097108,
              16.071655,
              0
            ],
            [
              108.095764,
              16.071606,
              0
            ],
            [
              108.095576,
              16.071533,
              0
            ],
            [
              108.09555,
              16.071478,
              0
            ],
            [
              108.095456,
              16.071467,
              0
            ],
            [
              108.095508,
              16.071107,
              0
            ],
            [
              108.095514,
              16.071017,
              0
            ],
            [
              108.094234,
              16.070875,
              0
            ],
            [
              108.093905,
              16.0707,
              0
            ],
            [
              108.093835,
              16.070791,
              0
            ],
            [
              108.093865,
              16.071338,
              0
            ],
            [
              108.093954,
              16.07179,
              0
            ],
            [
              108.093989,
              16.072065,
              0
            ],
            [
              108.094024,
              16.072612,
              0
            ],
            [
              108.094264,
              16.07295,
              0
            ],
            [
              108.094452,
              16.073339,
              0
            ],
            [
              108.094492,
              16.073675,
              0
            ],
            [
              108.094527,
              16.073871,
              0
            ],
            [
              108.094508,
              16.074029,
              0
            ],
            [
              108.094879,
              16.074415,
              0
            ],
            [
              108.09525,
              16.074969,
              0
            ],
            [
              108.09559,
              16.0757,
              0
            ],
            [
              108.095868,
              16.076796,
              0
            ],
            [
              108.095907,
              16.077239,
              0
            ],
            [
              108.095878,
              16.077459,
              0
            ],
            [
              108.095858,
              16.077691,
              0
            ],
            [
              108.095849,
              16.077824,
              0
            ],
            [
              108.095784,
              16.077897,
              0
            ],
            [
              108.095742,
              16.077934,
              0
            ],
            [
              108.095689,
              16.077918,
              0
            ],
            [
              108.095684,
              16.077924,
              0
            ],
            [
              108.092647,
              16.076476,
              0
            ],
            [
              108.09146,
              16.079091,
              0
            ],
            [
              108.091891,
              16.079155,
              0
            ],
            [
              108.092348,
              16.079091,
              0
            ],
            [
              108.092862,
              16.079704,
              0
            ],
            [
              108.093489,
              16.080013,
              0
            ]
          ]
        ]
      }
    },
    {
      "type": "Feature",
      "properties": {
        "name": "Vân Dương 2",
        "boundary_info": "P. Đông giáp: Đường vành đai tây 2\nP. Tây giáp: ĐT 601\nP Nam giáp: phường Hòa Khánh\nP Bắc giáp: Nguyễn Tất Thành",
        "households": 533,
        "population": 1743,
        "police_name": "Nguyễn Hữu Lợi",
        "police_phone": "0905.939.067"
      },
      "geometry": {
        "type": "Polygon",
        "coordinates": [
          [
            [
              108.097352,
              16.080301,
              0
            ],
            [
              108.097203,
              16.080506,
              0
            ],
            [
              108.097095,
              16.080724,
              0
            ],
            [
              108.097048,
              16.080793,
              0
            ],
            [
              108.096835,
              16.081115,
              0
            ],
            [
              108.096805,
              16.081422,
              0
            ],
            [
              108.096814,
              16.082107,
              0
            ],
            [
              108.097056,
              16.082656,
              0
            ],
            [
              108.097105,
              16.082779,
              0
            ],
            [
              108.097118,
              16.083081,
              0
            ],
            [
              108.097027,
              16.083325,
              0
            ],
            [
              108.096981,
              16.083568,
              0
            ],
            [
              108.09709,
              16.083978,
              0
            ],
            [
              108.097305,
              16.083845,
              0
            ],
            [
              108.097472,
              16.083774,
              0
            ],
            [
              108.098063,
              16.08353,
              0
            ],
            [
              108.09849,
              16.083383,
              0
            ],
            [
              108.099022,
              16.08346,
              0
            ],
            [
              108.099161,
              16.083501,
              0
            ],
            [
              108.099706,
              16.084082,
              0
            ],
            [
              108.099768,
              16.084123,
              0
            ],
            [
              108.09936,
              16.084479,
              0
            ],
            [
              108.099184,
              16.084683,
              0
            ],
            [
              108.099015,
              16.085369,
              0
            ],
            [
              108.09874,
              16.086571,
              0
            ],
            [
              108.099425,
              16.087481,
              0
            ],
            [
              108.099421,
              16.087568,
              0
            ],
            [
              108.098963,
              16.088974,
              0
            ],
            [
              108.099104,
              16.089082,
              0
            ],
            [
              108.09955,
              16.089488,
              0
            ],
            [
              108.099684,
              16.089263,
              0
            ],
            [
              108.099771,
              16.089113,
              0
            ],
            [
              108.09974,
              16.088943,
              0
            ],
            [
              108.099632,
              16.088647,
              0
            ],
            [
              108.099663,
              16.08821,
              0
            ],
            [
              108.099902,
              16.087835,
              0
            ],
            [
              108.100202,
              16.087678,
              0
            ],
            [
              108.100503,
              16.087361,
              0
            ],
            [
              108.100719,
              16.08719,
              0
            ],
            [
              108.100967,
              16.08691,
              0
            ],
            [
              108.101332,
              16.086539,
              0
            ],
            [
              108.101838,
              16.085506,
              0
            ],
            [
              108.102047,
              16.085114,
              0
            ],
            [
              108.102252,
              16.084465,
              0
            ],
            [
              108.11009,
              16.093165,
              0
            ],
            [
              108.119967,
              16.084922,
              0
            ],
            [
              108.115782,
              16.079899,
              0
            ],
            [
              108.113567,
              16.081833,
              0
            ],
            [
              108.111574,
              16.080914,
              0
            ],
            [
              108.111512,
              16.08087,
              0
            ],
            [
              108.111721,
              16.080604,
              0
            ],
            [
              108.11127,
              16.079817,
              0
            ],
            [
              108.11092,
              16.079399,
              0
            ],
            [
              108.110173,
              16.078795,
              0
            ],
            [
              108.109983,
              16.078617,
              0
            ],
            [
              108.109845,
              16.078488,
              0
            ],
            [
              108.109722,
              16.078341,
              0
            ],
            [
              108.109609,
              16.078187,
              0
            ],
            [
              108.10933,
              16.078506,
              0
            ],
            [
              108.109319,
              16.078557,
              0
            ],
            [
              108.109118,
              16.078802,
              0
            ],
            [
              108.108916,
              16.078968,
              0
            ],
            [
              108.108886,
              16.07897,
              0
            ],
            [
              108.108743,
              16.079169,
              0
            ],
            [
              108.108282,
              16.079749,
              0
            ],
            [
              108.107714,
              16.080242,
              0
            ],
            [
              108.107649,
              16.080254,
              0
            ],
            [
              108.107392,
              16.079979,
              0
            ],
            [
              108.107429,
              16.07992,
              0
            ],
            [
              108.107251,
              16.079781,
              0
            ],
            [
              108.106968,
              16.079486,
              0
            ],
            [
              108.105881,
              16.080135,
              0
            ],
            [
              108.105897,
              16.080545,
              0
            ],
            [
              108.105875,
              16.080593,
              0
            ],
            [
              108.104082,
              16.079329,
              0
            ],
            [
              108.101361,
              16.080138,
              0
            ],
            [
              108.101228,
              16.080546,
              0
            ],
            [
              108.098416,
              16.080118,
              0
            ],
            [
              108.097804,
              16.079518,
              0
            ],
            [
              108.097747,
              16.079573,
              0
            ],
            [
              108.097699,
              16.079638,
              0
            ],
            [
              108.097668,
              16.079712,
              0
            ],
            [
              108.097647,
              16.079767,
              0
            ],
            [
              108.097541,
              16.080045,
              0
            ],
            [
              108.097352,
              16.080301,
              0
            ]
          ]
        ]
      }
    },
    {
      "type": "Feature",
      "properties": {
        "name": "Vân Dương 1",
        "boundary_info": "P. Đông giáp: Quang Nam 5\nP. Tây giáp: Đường kiệt\nP Nam giáp: Nguyễn Tất Thành\nP Bắc giáp: Kênh thoát lũ",
        "households": 489,
        "population": 1682,
        "police_name": "Lê Trần Thái Hà",
        "police_phone": "0935.640.403"
      },
      "geometry": {
        "type": "Polygon",
        "coordinates": [
          [
            [
              108.106572,
              16.089552,
              0
            ],
            [
              108.105071,
              16.090863,
              0
            ],
            [
              108.104662,
              16.090525,
              0
            ],
            [
              108.103396,
              16.090502,
              0
            ],
            [
              108.102525,
              16.09034,
              0
            ],
            [
              108.101967,
              16.09093,
              0
            ],
            [
              108.101515,
              16.090684,
              0
            ],
            [
              108.100707,
              16.090293,
              0
            ],
            [
              108.100042,
              16.08994,
              0
            ],
            [
              108.099647,
              16.089516,
              0
            ],
            [
              108.099681,
              16.089347,
              0
            ],
            [
              108.09977,
              16.089148,
              0
            ],
            [
              108.099797,
              16.089064,
              0
            ],
            [
              108.099735,
              16.088822,
              0
            ],
            [
              108.099659,
              16.088628,
              0
            ],
            [
              108.099703,
              16.088212,
              0
            ],
            [
              108.099919,
              16.087851,
              0
            ],
            [
              108.100223,
              16.0877,
              0
            ],
            [
              108.100489,
              16.087406,
              0
            ],
            [
              108.100726,
              16.087212,
              0
            ],
            [
              108.100931,
              16.086974,
              0
            ],
            [
              108.101122,
              16.086778,
              0
            ],
            [
              108.101343,
              16.08656,
              0
            ],
            [
              108.101546,
              16.086158,
              0
            ],
            [
              108.101746,
              16.085762,
              0
            ],
            [
              108.101883,
              16.085513,
              0
            ],
            [
              108.102059,
              16.085168,
              0
            ],
            [
              108.10217,
              16.084864,
              0
            ],
            [
              108.102237,
              16.084565,
              0
            ],
            [
              108.103118,
              16.085505,
              0
            ],
            [
              108.103736,
              16.086261,
              0
            ],
            [
              108.104508,
              16.087109,
              0
            ],
            [
              108.105354,
              16.088013,
              0
            ],
            [
              108.105984,
              16.088762,
              0
            ],
            [
              108.106615,
              16.089461,
              0
            ],
            [
              108.106597,
              16.089513,
              0
            ],
            [
              108.106592,
              16.089524,
              0
            ],
            [
              108.106585,
              16.089529,
              0
            ],
            [
              108.10658,
              16.089535,
              0
            ],
            [
              108.106574,
              16.089538,
              0
            ],
            [
              108.10657,
              16.089546,
              0
            ],
            [
              108.106572,
              16.089552,
              0
            ]
          ]
        ]
      }
    },
    {
      "type": "Feature",
      "properties": {
        "name": "Tổ dân phố Hiền Tân",
        "boundary_info": "P. Đông giáp: Nguyễn Tất Thành\nP. Tây giáp: xã Bà Nà\nP Nam giáp: Hưởng Phước\nP Bắc giáp: Đường số 8 (khu công nghệ cao)",
        "households": 509,
        "population": 1682,
        "police_name": "Nguyễn Hữu Lợi",
        "police_phone": "0905.939.067"
      },
      "geometry": {
        "type": "Polygon",
        "coordinates": [
          [
            [
              108.052154,
              16.097664,
              0
            ],
            [
              108.043252,
              16.09425,
              0
            ],
            [
              108.043573,
              16.092694,
              0
            ],
            [
              108.043528,
              16.091719,
              0
            ],
            [
              108.044095,
              16.091281,
              0
            ],
            [
              108.044677,
              16.090615,
              0
            ],
            [
              108.044978,
              16.089734,
              0
            ],
            [
              108.04534,
              16.088912,
              0
            ],
            [
              108.04579,
              16.087787,
              0
            ],
            [
              108.04754,
              16.086151,
              0
            ],
            [
              108.047732,
              16.085463,
              0
            ],
            [
              108.047581,
              16.083699,
              0
            ],
            [
              108.04853,
              16.082953,
              0
            ],
            [
              108.048939,
              16.081995,
              0
            ],
            [
              108.048568,
              16.081659,
              0
            ],
            [
              108.048989,
              16.081659,
              0
            ],
            [
              108.049543,
              16.081278,
              0
            ],
            [
              108.049726,
              16.080741,
              0
            ],
            [
              108.05082,
              16.080038,
              0
            ],
            [
              108.050654,
              16.079796,
              0
            ],
            [
              108.049803,
              16.080087,
              0
            ],
            [
              108.049377,
              16.079925,
              0
            ],
            [
              108.050059,
              16.079845,
              0
            ],
            [
              108.050857,
              16.079126,
              0
            ],
            [
              108.05101,
              16.077909,
              0
            ],
            [
              108.050701,
              16.077767,
              0
            ],
            [
              108.050115,
              16.078175,
              0
            ],
            [
              108.050227,
              16.077727,
              0
            ],
            [
              108.050988,
              16.077153,
              0
            ],
            [
              108.049359,
              16.077828,
              0
            ],
            [
              108.04697,
              16.078362,
              0
            ],
            [
              108.046828,
              16.078699,
              0
            ],
            [
              108.047079,
              16.080014,
              0
            ],
            [
              108.046288,
              16.079856,
              0
            ],
            [
              108.045884,
              16.079212,
              0
            ],
            [
              108.046303,
              16.07822,
              0
            ],
            [
              108.0478,
              16.077733,
              0
            ],
            [
              108.048396,
              16.077181,
              0
            ],
            [
              108.048815,
              16.075941,
              0
            ],
            [
              108.048592,
              16.075101,
              0
            ],
            [
              108.048256,
              16.075377,
              0
            ],
            [
              108.048095,
              16.075677,
              0
            ],
            [
              108.047891,
              16.075121,
              0
            ],
            [
              108.047622,
              16.075496,
              0
            ],
            [
              108.047495,
              16.076085,
              0
            ],
            [
              108.047103,
              16.076334,
              0
            ],
            [
              108.047108,
              16.076272,
              0
            ],
            [
              108.046782,
              16.07623,
              0
            ],
            [
              108.046763,
              16.075597,
              0
            ],
            [
              108.046213,
              16.075983,
              0
            ],
            [
              108.045757,
              16.076844,
              0
            ],
            [
              108.045477,
              16.076588,
              0
            ],
            [
              108.046037,
              16.075738,
              0
            ],
            [
              108.046358,
              16.075417,
              0
            ],
            [
              108.045783,
              16.075657,
              0
            ],
            [
              108.044828,
              16.075926,
              0
            ],
            [
              108.044477,
              16.075736,
              0
            ],
            [
              108.04462,
              16.075303,
              0
            ],
            [
              108.043879,
              16.075872,
              0
            ],
            [
              108.043472,
              16.075686,
              0
            ],
            [
              108.043828,
              16.075618,
              0
            ],
            [
              108.043716,
              16.075221,
              0
            ],
            [
              108.043917,
              16.075172,
              0
            ],
            [
              108.044507,
              16.07514,
              0
            ],
            [
              108.044539,
              16.074834,
              0
            ],
            [
              108.044766,
              16.074978,
              0
            ],
            [
              108.044931,
              16.075303,
              0
            ],
            [
              108.045473,
              16.07527,
              0
            ],
            [
              108.046024,
              16.075042,
              0
            ],
            [
              108.046044,
              16.07466,
              0
            ],
            [
              108.046338,
              16.074881,
              0
            ],
            [
              108.046731,
              16.074676,
              0
            ],
            [
              108.046584,
              16.074319,
              0
            ],
            [
              108.046139,
              16.074061,
              0
            ],
            [
              108.046084,
              16.073911,
              0
            ],
            [
              108.046247,
              16.073763,
              0
            ],
            [
              108.046552,
              16.073881,
              0
            ],
            [
              108.046787,
              16.073822,
              0
            ],
            [
              108.046903,
              16.074166,
              0
            ],
            [
              108.047469,
              16.074015,
              0
            ],
            [
              108.047245,
              16.074504,
              0
            ],
            [
              108.047563,
              16.074597,
              0
            ],
            [
              108.047897,
              16.074503,
              0
            ],
            [
              108.047874,
              16.07358,
              0
            ],
            [
              108.047575,
              16.073226,
              0
            ],
            [
              108.047207,
              16.073163,
              0
            ],
            [
              108.047714,
              16.073079,
              0
            ],
            [
              108.047972,
              16.073048,
              0
            ],
            [
              108.047786,
              16.072173,
              0
            ],
            [
              108.0474,
              16.071112,
              0
            ],
            [
              108.047712,
              16.071014,
              0
            ],
            [
              108.047992,
              16.071701,
              0
            ],
            [
              108.048216,
              16.071974,
              0
            ],
            [
              108.048216,
              16.072335,
              0
            ],
            [
              108.048505,
              16.072623,
              0
            ],
            [
              108.048725,
              16.071856,
              0
            ],
            [
              108.048736,
              16.071358,
              0
            ],
            [
              108.048901,
              16.071446,
              0
            ],
            [
              108.049389,
              16.071259,
              0
            ],
            [
              108.049019,
              16.071804,
              0
            ],
            [
              108.048975,
              16.072567,
              0
            ],
            [
              108.049203,
              16.072832,
              0
            ],
            [
              108.04922,
              16.07306,
              0
            ],
            [
              108.048668,
              16.072818,
              0
            ],
            [
              108.048391,
              16.073249,
              0
            ],
            [
              108.04849,
              16.073544,
              0
            ],
            [
              108.048382,
              16.074108,
              0
            ],
            [
              108.048439,
              16.074423,
              0
            ],
            [
              108.048962,
              16.074665,
              0
            ],
            [
              108.049163,
              16.074519,
              0
            ],
            [
              108.049429,
              16.074092,
              0
            ],
            [
              108.049577,
              16.074092,
              0
            ],
            [
              108.049609,
              16.074471,
              0
            ],
            [
              108.050031,
              16.074061,
              0
            ],
            [
              108.050252,
              16.073921,
              0
            ],
            [
              108.049837,
              16.073723,
              0
            ],
            [
              108.049711,
              16.073161,
              0
            ],
            [
              108.04934,
              16.07279,
              0
            ],
            [
              108.049205,
              16.072484,
              0
            ],
            [
              108.049296,
              16.07224,
              0
            ],
            [
              108.049569,
              16.072526,
              0
            ],
            [
              108.05,
              16.072664,
              0
            ],
            [
              108.049963,
              16.072321,
              0
            ],
            [
              108.050525,
              16.072511,
              0
            ],
            [
              108.050401,
              16.072186,
              0
            ],
            [
              108.050044,
              16.071572,
              0
            ],
            [
              108.050081,
              16.071098,
              0
            ],
            [
              108.05041,
              16.071623,
              0
            ],
            [
              108.05078,
              16.071379,
              0
            ],
            [
              108.050284,
              16.070765,
              0
            ],
            [
              108.050171,
              16.070009,
              0
            ],
            [
              108.050492,
              16.070591,
              0
            ],
            [
              108.050615,
              16.070883,
              0
            ],
            [
              108.051022,
              16.071243,
              0
            ],
            [
              108.050951,
              16.071616,
              0
            ],
            [
              108.05127,
              16.072054,
              0
            ],
            [
              108.051578,
              16.07236,
              0
            ],
            [
              108.051895,
              16.071341,
              0
            ],
            [
              108.051815,
              16.07108,
              0
            ],
            [
              108.052931,
              16.07028,
              0
            ],
            [
              108.052896,
              16.069808,
              0
            ],
            [
              108.053377,
              16.07028,
              0
            ],
            [
              108.053974,
              16.069949,
              0
            ],
            [
              108.054091,
              16.069991,
              0
            ],
            [
              108.054177,
              16.070006,
              0
            ],
            [
              108.054394,
              16.070207,
              0
            ],
            [
              108.054171,
              16.070353,
              0
            ],
            [
              108.053144,
              16.070606,
              0
            ],
            [
              108.052851,
              16.070971,
              0
            ],
            [
              108.052948,
              16.071283,
              0
            ],
            [
              108.053035,
              16.071283,
              0
            ],
            [
              108.053376,
              16.071235,
              0
            ],
            [
              108.054067,
              16.071048,
              0
            ],
            [
              108.054331,
              16.071393,
              0
            ],
            [
              108.05503,
              16.071188,
              0
            ],
            [
              108.055192,
              16.071537,
              0
            ],
            [
              108.054558,
              16.071749,
              0
            ],
            [
              108.054155,
              16.071897,
              0
            ],
            [
              108.053444,
              16.071603,
              0
            ],
            [
              108.052934,
              16.071865,
              0
            ],
            [
              108.052769,
              16.072491,
              0
            ],
            [
              108.053027,
              16.07311,
              0
            ],
            [
              108.05369,
              16.073566,
              0
            ],
            [
              108.053842,
              16.073862,
              0
            ],
            [
              108.05413,
              16.074275,
              0
            ],
            [
              108.053961,
              16.074469,
              0
            ],
            [
              108.054271,
              16.074592,
              0
            ],
            [
              108.054316,
              16.07483,
              0
            ],
            [
              108.054896,
              16.074804,
              0
            ],
            [
              108.055024,
              16.075099,
              0
            ],
            [
              108.054325,
              16.075375,
              0
            ],
            [
              108.055139,
              16.075508,
              0
            ],
            [
              108.055707,
              16.075562,
              0
            ],
            [
              108.05541,
              16.075933,
              0
            ],
            [
              108.055694,
              16.076144,
              0
            ],
            [
              108.055894,
              16.076505,
              0
            ],
            [
              108.056135,
              16.076638,
              0
            ],
            [
              108.05883,
              16.074789,
              0
            ],
            [
              108.058889,
              16.073959,
              0
            ],
            [
              108.059765,
              16.073525,
              0
            ],
            [
              108.073978,
              16.072947,
              0
            ],
            [
              108.073647,
              16.071443,
              0
            ],
            [
              108.075393,
              16.064176,
              0
            ],
            [
              108.076744,
              16.064176,
              0
            ],
            [
              108.077849,
              16.062005,
              0
            ],
            [
              108.085842,
              16.061977,
              0
            ],
            [
              108.089229,
              16.06194,
              0
            ],
            [
              108.089675,
              16.062554,
              0
            ],
            [
              108.090662,
              16.062687,
              0
            ],
            [
              108.091142,
              16.065164,
              0
            ],
            [
              108.09204,
              16.066083,
              0
            ],
            [
              108.091488,
              16.069131,
              0
            ],
            [
              108.090523,
              16.070779,
              0
            ],
            [
              108.092512,
              16.070268,
              0
            ],
            [
              108.09389,
              16.0707,
              0
            ],
            [
              108.093828,
              16.071283,
              0
            ],
            [
              108.093991,
              16.072139,
              0
            ],
            [
              108.094001,
              16.072616,
              0
            ],
            [
              108.094209,
              16.07289,
              0
            ],
            [
              108.094419,
              16.073373,
              0
            ],
            [
              108.094488,
              16.074034,
              0
            ],
            [
              108.09492,
              16.074482,
              0
            ],
            [
              108.095245,
              16.075026,
              0
            ],
            [
              108.095589,
              16.075755,
              0
            ],
            [
              108.095793,
              16.076547,
              0
            ],
            [
              108.095877,
              16.077165,
              0
            ],
            [
              108.095786,
              16.077844,
              0
            ],
            [
              108.095127,
              16.077535,
              0
            ],
            [
              108.094064,
              16.077092,
              0
            ],
            [
              108.092642,
              16.076446,
              0
            ],
            [
              108.092547,
              16.076605,
              0
            ],
            [
              108.092229,
              16.077198,
              0
            ],
            [
              108.092038,
              16.077584,
              0
            ],
            [
              108.091934,
              16.077831,
              0
            ],
            [
              108.09176,
              16.07821,
              0
            ],
            [
              108.091397,
              16.079143,
              0
            ],
            [
              108.091769,
              16.079178,
              0
            ],
            [
              108.092327,
              16.079162,
              0
            ],
            [
              108.092853,
              16.079777,
              0
            ],
            [
              108.09346,
              16.080065,
              0
            ],
            [
              108.095008,
              16.079403,
              0
            ],
            [
              108.095242,
              16.079413,
              0
            ],
            [
              108.095512,
              16.079603,
              0
            ],
            [
              108.096095,
              16.080155,
              0
            ],
            [
              108.09634,
              16.080253,
              0
            ],
            [
              108.096909,
              16.080831,
              0
            ],
            [
              108.096806,
              16.081087,
              0
            ],
            [
              108.096791,
              16.081389,
              0
            ],
            [
              108.096792,
              16.0821,
              0
            ],
            [
              108.096894,
              16.082374,
              0
            ],
            [
              108.096991,
              16.082639,
              0
            ],
            [
              108.097087,
              16.082779,
              0
            ],
            [
              108.097102,
              16.083066,
              0
            ],
            [
              108.097082,
              16.083139,
              0
            ],
            [
              108.097013,
              16.083301,
              0
            ],
            [
              108.096966,
              16.083561,
              0
            ],
            [
              108.095841,
              16.083678,
              0
            ],
            [
              108.095384,
              16.082634,
              0
            ],
            [
              108.094822,
              16.082829,
              0
            ],
            [
              108.093267,
              16.082215,
              0
            ],
            [
              108.091989,
              16.083233,
              0
            ],
            [
              108.091469,
              16.084526,
              0
            ],
            [
              108.091641,
              16.085135,
              0
            ],
            [
              108.091879,
              16.08538,
              0
            ],
            [
              108.09234,
              16.086935,
              0
            ],
            [
              108.092732,
              16.08741,
              0
            ],
            [
              108.092224,
              16.089469,
              0
            ],
            [
              108.092094,
              16.089586,
              0
            ],
            [
              108.091641,
              16.089549,
              0
            ],
            [
              108.091255,
              16.089508,
              0
            ],
            [
              108.09095,
              16.089508,
              0
            ],
            [
              108.090538,
              16.089459,
              0
            ],
            [
              108.090373,
              16.090318,
              0
            ],
            [
              108.088548,
              16.090353,
              0
            ],
            [
              108.087465,
              16.090472,
              0
            ],
            [
              108.086753,
              16.090531,
              0
            ],
            [
              108.086412,
              16.090625,
              0
            ],
            [
              108.085283,
              16.089549,
              0
            ],
            [
              108.08379,
              16.090249,
              0
            ],
            [
              108.082678,
              16.090098,
              0
            ],
            [
              108.078686,
              16.089863,
              0
            ],
            [
              108.072498,
              16.088839,
              0
            ],
            [
              108.071475,
              16.090641,
              0
            ],
            [
              108.069968,
              16.093038,
              0
            ],
            [
              108.068448,
              16.092762,
              0
            ],
            [
              108.060131,
              16.093518,
              0
            ],
            [
              108.058802,
              16.094478,
              0
            ],
            [
              108.055698,
              16.09458,
              0
            ],
            [
              108.052603,
              16.097594,
              0
            ],
            [
              108.052366,
              16.097802,
              0
            ],
            [
              108.052154,
              16.097664,
              0
            ]
          ]
        ]
      }
    },
    {
      "type": "Feature",
      "properties": {
        "name": "Quan Nam 4",
        "boundary_info": "P. Đông giáp: Kênh thoát lũ \nP. Tây giáp: Khu công nghệ thông tin\nP Nam giáp: Kênh thoát lũ\nP Bắc giáp: Đường Ngô Miễn",
        "households": 522,
        "population": 1668,
        "police_name": "Đinh Ngọc Sỹ",
        "police_phone": "0789.452.479"
      },
      "geometry": {
        "type": "Polygon",
        "coordinates": [
          [
            [
              108.092258,
              16.089476,
              0
            ],
            [
              108.093031,
              16.089597,
              0
            ],
            [
              108.096711,
              16.090177,
              0
            ],
            [
              108.096162,
              16.093925,
              0
            ],
            [
              108.097571,
              16.094146,
              0
            ],
            [
              108.098459,
              16.094321,
              0
            ],
            [
              108.098818,
              16.095715,
              0
            ],
            [
              108.099181,
              16.095906,
              0
            ],
            [
              108.09972,
              16.095902,
              0
            ],
            [
              108.100014,
              16.095472,
              0
            ],
            [
              108.101082,
              16.092974,
              0
            ],
            [
              108.10185,
              16.091571,
              0
            ],
            [
              108.10194,
              16.091057,
              0
            ],
            [
              108.101272,
              16.090688,
              0
            ],
            [
              108.100052,
              16.090048,
              0
            ],
            [
              108.098906,
              16.088972,
              0
            ],
            [
              108.099389,
              16.087528,
              0
            ],
            [
              108.098678,
              16.086571,
              0
            ],
            [
              108.099154,
              16.084594,
              0
            ],
            [
              108.099726,
              16.084136,
              0
            ],
            [
              108.099159,
              16.083528,
              0
            ],
            [
              108.098483,
              16.083384,
              0
            ],
            [
              108.097075,
              16.083999,
              0
            ],
            [
              108.096855,
              16.083583,
              0
            ],
            [
              108.095813,
              16.083722,
              0
            ],
            [
              108.09536,
              16.082718,
              0
            ],
            [
              108.094825,
              16.082965,
              0
            ],
            [
              108.093244,
              16.082314,
              0
            ],
            [
              108.092107,
              16.083326,
              0
            ],
            [
              108.091619,
              16.084317,
              0
            ],
            [
              108.091664,
              16.085038,
              0
            ],
            [
              108.0919,
              16.08533,
              0
            ],
            [
              108.092368,
              16.086854,
              0
            ],
            [
              108.092779,
              16.087401,
              0
            ],
            [
              108.092258,
              16.089476,
              0
            ]
          ]
        ]
      }
    }
  ]
}